id,cities_id,name,created_at,updated_at
1,1,Amistad,12/03/2022,12/03/2022
2,1,Antonino (Poblacion),12/03/2022,12/03/2022
3,1,Apanay,12/03/2022,12/03/2022
4,1,Aurora,12/03/2022,12/03/2022
5,1,Bagnos,12/03/2022,12/03/2022
6,1,Bagong Sikat,12/03/2022,12/03/2022
7,1,Bantug-Petines,12/03/2022,12/03/2022
8,1,Bonifacio,12/03/2022,12/03/2022
9,1,Burgos,12/03/2022,12/03/2022
10,1,Calaocan (Poblacion),12/03/2022,12/03/2022
11,1,Callao,12/03/2022,12/03/2022
12,1,Dagupan,12/03/2022,12/03/2022
13,1,Inanama,12/03/2022,12/03/2022
14,1,Linglingay,12/03/2022,12/03/2022
15,1,M.H. del Pilar,12/03/2022,12/03/2022
16,1,Mabini,12/03/2022,12/03/2022
17,1,Magsaysay (Poblacion),12/03/2022,12/03/2022
18,1,Mataas na Kahoy,12/03/2022,12/03/2022
19,1,Paddad,12/03/2022,12/03/2022
20,1,Rizal,12/03/2022,12/03/2022
21,1,Rizaluna,12/03/2022,12/03/2022
22,1,Salvacion,12/03/2022,12/03/2022
23,1,San Antonio (Poblacion),12/03/2022,12/03/2022
24,1,San Fernando,12/03/2022,12/03/2022
25,1,San Francisco,12/03/2022,12/03/2022
26,1,San Juan,12/03/2022,12/03/2022
27,1,San Pablo,12/03/2022,12/03/2022
28,1,San Pedro,12/03/2022,12/03/2022
29,1,Santa Cruz,12/03/2022,12/03/2022
30,1,Santa Maria,12/03/2022,12/03/2022
31,1,Santo Domingo,12/03/2022,12/03/2022
32,1,Santo Tomas,12/03/2022,12/03/2022
33,1,Victoria,12/03/2022,12/03/2022
34,1,Zamora,12/03/2022,12/03/2022
35,2,Allangigan,12/03/2022,12/03/2022
36,2,Aniog,12/03/2022,12/03/2022
37,2,Baniket,12/03/2022,12/03/2022
38,2,Bannawag,12/03/2022,12/03/2022
39,2,Bantug,12/03/2022,12/03/2022
40,2,Barangcuag,12/03/2022,12/03/2022
41,2,Baui,12/03/2022,12/03/2022
42,2,Bonifacio,12/03/2022,12/03/2022
43,2,Buenavista,12/03/2022,12/03/2022
44,2,Bunnay,12/03/2022,12/03/2022
45,2,Calabayan-Minanga,12/03/2022,12/03/2022
46,2,Calaccab,12/03/2022,12/03/2022
47,2,Calaocan,12/03/2022,12/03/2022
48,2,Kalusutan,12/03/2022,12/03/2022
49,2,Campanario,12/03/2022,12/03/2022
50,2,Canangan,12/03/2022,12/03/2022
51,2,Centro I (Poblacion),12/03/2022,12/03/2022
52,2,Centro II (Poblacion),12/03/2022,12/03/2022
53,2,Centro III (Poblacion),12/03/2022,12/03/2022
54,2,Consular,12/03/2022,12/03/2022
55,2,Cumu,12/03/2022,12/03/2022
56,2,Dalakip,12/03/2022,12/03/2022
57,2,Dalenat,12/03/2022,12/03/2022
58,2,Dipaluda,12/03/2022,12/03/2022
59,2,Duroc,12/03/2022,12/03/2022
60,2,Lourdes (El Escaño),12/03/2022,12/03/2022
61,2,Esperanza,12/03/2022,12/03/2022
62,2,Fugaru,12/03/2022,12/03/2022
63,2,Liwliwa,12/03/2022,12/03/2022
64,2,Ingud Norte,12/03/2022,12/03/2022
65,2,Ingud Sur,12/03/2022,12/03/2022
66,2,La Suerte,12/03/2022,12/03/2022
67,2,Lomboy,12/03/2022,12/03/2022
68,2,Loria,12/03/2022,12/03/2022
69,2,Mabuhay,12/03/2022,12/03/2022
70,2,Macalauat,12/03/2022,12/03/2022
71,2,Macaniao,12/03/2022,12/03/2022
72,2,Malannao,12/03/2022,12/03/2022
73,2,Malasin,12/03/2022,12/03/2022
74,2,Mangandingay,12/03/2022,12/03/2022
75,2,Minanga Proper,12/03/2022,12/03/2022
76,2,Pappat,12/03/2022,12/03/2022
77,2,Pissay,12/03/2022,12/03/2022
78,2,Ramona,12/03/2022,12/03/2022
79,2,Rancho Bassit,12/03/2022,12/03/2022
80,2,Rang-ayan,12/03/2022,12/03/2022
81,2,Salay,12/03/2022,12/03/2022
82,2,San Ambrocio,12/03/2022,12/03/2022
83,2,San Guillermo,12/03/2022,12/03/2022
84,2,San Isidro,12/03/2022,12/03/2022
85,2,San Marcelo,12/03/2022,12/03/2022
86,2,San Roque,12/03/2022,12/03/2022
87,2,San Vicente,12/03/2022,12/03/2022
88,2,Santo Niño,12/03/2022,12/03/2022
89,2,Saranay,12/03/2022,12/03/2022
90,2,Sinabbaran,12/03/2022,12/03/2022
91,2,Victory,12/03/2022,12/03/2022
92,2,Viga,12/03/2022,12/03/2022
93,2,Villa Domingo,12/03/2022,12/03/2022
94,3,Apiat,12/03/2022,12/03/2022
95,3,Bagnos,12/03/2022,12/03/2022
96,3,Bagong Tanza,12/03/2022,12/03/2022
97,3,Ballesteros,12/03/2022,12/03/2022
98,3,Bannagao,12/03/2022,12/03/2022
99,3,Bannawag,12/03/2022,12/03/2022
100,3,Bolinao,12/03/2022,12/03/2022
101,3,Santo Niño (Caipilan),12/03/2022,12/03/2022
102,3,Camarunggayan,12/03/2022,12/03/2022
103,3,Dalig-Kalinga,12/03/2022,12/03/2022
104,3,Diamantina,12/03/2022,12/03/2022
105,3,Divisoria,12/03/2022,12/03/2022
106,3,Esperanza East,12/03/2022,12/03/2022
107,3,Esperanza West,12/03/2022,12/03/2022
108,3,Kalabaza,12/03/2022,12/03/2022
109,3,Rizalina (Lapuz),12/03/2022,12/03/2022
110,3,Macatal,12/03/2022,12/03/2022
111,3,Malasin,12/03/2022,12/03/2022
112,3,Nampicuan,12/03/2022,12/03/2022
113,3,Villa Nuesa,12/03/2022,12/03/2022
114,3,Panecien,12/03/2022,12/03/2022
115,3,San Andres,12/03/2022,12/03/2022
116,3,San Jose (Poblacion),12/03/2022,12/03/2022
117,3,San Rafael,12/03/2022,12/03/2022
118,3,San Ramon,12/03/2022,12/03/2022
119,3,Santa Rita,12/03/2022,12/03/2022
120,3,Santa Rosa,12/03/2022,12/03/2022
121,3,Saranay,12/03/2022,12/03/2022
122,3,Sili,12/03/2022,12/03/2022
123,3,Victoria,12/03/2022,12/03/2022
124,3,Villa Fugu,12/03/2022,12/03/2022
125,3,San Juan (Poblacion),12/03/2022,12/03/2022
126,3,San Pedro-San Pablo (Poblacion),12/03/2022,12/03/2022
127,4,Andabuen,12/03/2022,12/03/2022
128,4,Ara,12/03/2022,12/03/2022
129,4,Binogtungan,12/03/2022,12/03/2022
130,4,Capuseran (Capurocan),12/03/2022,12/03/2022
131,4,Dagupan,12/03/2022,12/03/2022
132,4,Danipa,12/03/2022,12/03/2022
133,4,District II (Poblacion),12/03/2022,12/03/2022
134,4,Gomez,12/03/2022,12/03/2022
135,4,Guilingan,12/03/2022,12/03/2022
136,4,La Salette,12/03/2022,12/03/2022
137,4,Makindol,12/03/2022,12/03/2022
138,4,Maluno Norte,12/03/2022,12/03/2022
139,4,Maluno Sur,12/03/2022,12/03/2022
140,4,Nacalma,12/03/2022,12/03/2022
141,4,New Magsaysay,12/03/2022,12/03/2022
142,4,District I (Poblacion),12/03/2022,12/03/2022
143,4,Punit,12/03/2022,12/03/2022
144,4,San Carlos,12/03/2022,12/03/2022
145,4,San Francisco,12/03/2022,12/03/2022
146,4,Santa Cruz,12/03/2022,12/03/2022
147,4,Sevillana,12/03/2022,12/03/2022
148,4,Sinipit,12/03/2022,12/03/2022
149,4,Lucban,12/03/2022,12/03/2022
150,4,Villaluz,12/03/2022,12/03/2022
151,4,Yeban Norte,12/03/2022,12/03/2022
152,4,Yeban Sur,12/03/2022,12/03/2022
153,4,Santiago,12/03/2022,12/03/2022
154,4,Placer,12/03/2022,12/03/2022
155,4,Balliao,12/03/2022,12/03/2022
156,5,Bacnor East,12/03/2022,12/03/2022
157,5,Bacnor West,12/03/2022,12/03/2022
158,5,Caliguian (Poblacion),12/03/2022,12/03/2022
159,5,Catabban,12/03/2022,12/03/2022
160,5,Cullalabo del Norte,12/03/2022,12/03/2022
161,5,Cullalabo del Sur,12/03/2022,12/03/2022
162,5,Dalig,12/03/2022,12/03/2022
163,5,Malasin,12/03/2022,12/03/2022
164,5,Masigun East,12/03/2022,12/03/2022
165,5,Raniag,12/03/2022,12/03/2022
166,5,San Antonino,12/03/2022,12/03/2022
167,5,San Bonifacio,12/03/2022,12/03/2022
168,5,San Miguel,12/03/2022,12/03/2022
169,5,San Roque,12/03/2022,12/03/2022
170,6,Aggub,12/03/2022,12/03/2022
171,6,Anao,12/03/2022,12/03/2022
172,6,Angancasilian,12/03/2022,12/03/2022
173,6,Balasig,12/03/2022,12/03/2022
174,6,Cansan,12/03/2022,12/03/2022
175,6,Casibarag Norte,12/03/2022,12/03/2022
176,6,Casibarag Sur,12/03/2022,12/03/2022
177,6,Catabayungan,12/03/2022,12/03/2022
178,6,Centro (Poblacion),12/03/2022,12/03/2022
179,6,Cubag,12/03/2022,12/03/2022
180,6,Garita,12/03/2022,12/03/2022
181,6,Luquilu,12/03/2022,12/03/2022
182,6,Mabangug,12/03/2022,12/03/2022
183,6,Magassi,12/03/2022,12/03/2022
184,6,Masipi East,12/03/2022,12/03/2022
185,6,Masipi West (Magallones),12/03/2022,12/03/2022
186,6,Ngarag,12/03/2022,12/03/2022
187,6,Pilig Abajo,12/03/2022,12/03/2022
188,6,Pilig Alto,12/03/2022,12/03/2022
189,6,San Antonio (Candanum),12/03/2022,12/03/2022
190,6,San Bernardo,12/03/2022,12/03/2022
191,6,San Juan,12/03/2022,12/03/2022
192,6,Saui,12/03/2022,12/03/2022
193,6,Tallag,12/03/2022,12/03/2022
194,6,Ugad,12/03/2022,12/03/2022
195,6,Union,12/03/2022,12/03/2022
196,7,Centro (Poblacion),12/03/2022,12/03/2022
197,7,Del Pilar,12/03/2022,12/03/2022
198,7,Magdalena,12/03/2022,12/03/2022
199,7,Sampaloc,12/03/2022,12/03/2022
200,7,San Andres,12/03/2022,12/03/2022
201,7,Saranay,12/03/2022,12/03/2022
202,7,Calaocan,12/03/2022,12/03/2022
203,7,Canan,12/03/2022,12/03/2022
204,7,Culing Centro,12/03/2022,12/03/2022
205,7,Culing East,12/03/2022,12/03/2022
206,7,Culing West,12/03/2022,12/03/2022
207,7,Del Corpuz,12/03/2022,12/03/2022
208,7,Diamantina,12/03/2022,12/03/2022
209,7,La Paz,12/03/2022,12/03/2022
210,7,Luzon,12/03/2022,12/03/2022
211,7,Macalaoat,12/03/2022,12/03/2022
212,7,Magsaysay,12/03/2022,12/03/2022
213,7,Namnama,12/03/2022,12/03/2022
214,7,Nueva Era,12/03/2022,12/03/2022
215,7,Paraiso,12/03/2022,12/03/2022
216,7,Rang-ay,12/03/2022,12/03/2022
217,7,Tandul,12/03/2022,12/03/2022
218,8,Alicaocao,12/03/2022,12/03/2022
219,8,Amobocan,12/03/2022,12/03/2022
220,8,Andarayan,12/03/2022,12/03/2022
221,8,Bacolod,12/03/2022,12/03/2022
222,8,Baringin Norte,12/03/2022,12/03/2022
223,8,Baringin Sur,12/03/2022,12/03/2022
224,8,Buena Suerte,12/03/2022,12/03/2022
225,8,Bugallon,12/03/2022,12/03/2022
226,8,Buyon,12/03/2022,12/03/2022
227,8,Cabaruan,12/03/2022,12/03/2022
228,8,Cabugao,12/03/2022,12/03/2022
229,8,Carabatan Chica,12/03/2022,12/03/2022
230,8,Carabatan Grande,12/03/2022,12/03/2022
231,8,Carabatan Punta,12/03/2022,12/03/2022
232,8,Carabatan Bacareno,12/03/2022,12/03/2022
233,8,Casalatan,12/03/2022,12/03/2022
234,8,Cassap Fuera,12/03/2022,12/03/2022
235,8,Catalina,12/03/2022,12/03/2022
236,8,Culalabat,12/03/2022,12/03/2022
237,8,Dabburab,12/03/2022,12/03/2022
238,8,De Vera,12/03/2022,12/03/2022
239,8,Dianao,12/03/2022,12/03/2022
240,8,Dissimuray,12/03/2022,12/03/2022
241,8,District I (Poblacion),12/03/2022,12/03/2022
242,8,District II (Poblacion),12/03/2022,12/03/2022
243,8,District III (Poblacion),12/03/2022,12/03/2022
244,8,Duminit,12/03/2022,12/03/2022
245,8,Faustino (Sipay),12/03/2022,12/03/2022
246,8,Gagabutan,12/03/2022,12/03/2022
247,8,Gappal,12/03/2022,12/03/2022
248,8,Guayabal,12/03/2022,12/03/2022
249,8,Labinab,12/03/2022,12/03/2022
250,8,Linglingay,12/03/2022,12/03/2022
251,8,Mabantad,12/03/2022,12/03/2022
252,8,Maligaya,12/03/2022,12/03/2022
253,8,Manaoag,12/03/2022,12/03/2022
254,8,Marabulig I,12/03/2022,12/03/2022
255,8,Marabulig II,12/03/2022,12/03/2022
256,8,Minante I,12/03/2022,12/03/2022
257,8,Minante II,12/03/2022,12/03/2022
258,8,Nagcampegan,12/03/2022,12/03/2022
259,8,Naganacan,12/03/2022,12/03/2022
260,8,Nagrumbuan,12/03/2022,12/03/2022
261,8,Nungnungan I,12/03/2022,12/03/2022
262,8,Nungnungan II,12/03/2022,12/03/2022
263,8,Pinoma,12/03/2022,12/03/2022
264,8,Rizaluna,12/03/2022,12/03/2022
265,8,Rizal,12/03/2022,12/03/2022
266,8,Rogus,12/03/2022,12/03/2022
267,8,San Antonio,12/03/2022,12/03/2022
268,8,San Fermin (Poblacion),12/03/2022,12/03/2022
269,8,San Francisco,12/03/2022,12/03/2022
270,8,San Isidro,12/03/2022,12/03/2022
271,8,San Luis,12/03/2022,12/03/2022
272,8,San Pablo,12/03/2022,12/03/2022
273,8,Santa Luciana (Daburab 2),12/03/2022,12/03/2022
274,8,Santa Maria,12/03/2022,12/03/2022
275,8,Sillawit,12/03/2022,12/03/2022
276,8,Sinippil,12/03/2022,12/03/2022
277,8,Tagaran,12/03/2022,12/03/2022
278,8,Turayong,12/03/2022,12/03/2022
279,8,Union,12/03/2022,12/03/2022
280,8,Villa Luna,12/03/2022,12/03/2022
281,8,Villa Concepcion,12/03/2022,12/03/2022
282,8,Villaflor,12/03/2022,12/03/2022
283,9,Aggasian,12/03/2022,12/03/2022
284,9,Alibagu,12/03/2022,12/03/2022
285,9,Alinguigan 1st,12/03/2022,12/03/2022
286,9,Alinguigan 2nd,12/03/2022,12/03/2022
287,9,Alinguigan 3rd,12/03/2022,12/03/2022
288,9,Arusip,12/03/2022,12/03/2022
289,9,Baculod (Poblacion),12/03/2022,12/03/2022
290,9,Bagong Silang,12/03/2022,12/03/2022
291,9,Bagumbayan (Poblacion),12/03/2022,12/03/2022
292,9,Baligatan,12/03/2022,12/03/2022
293,9,Ballacong,12/03/2022,12/03/2022
294,9,Bangag,12/03/2022,12/03/2022
295,9,Batong-Labang,12/03/2022,12/03/2022
296,9,Bigao,12/03/2022,12/03/2022
297,9,Cabannungan 1st,12/03/2022,12/03/2022
298,9,Cabannungan 2nd,12/03/2022,12/03/2022
299,9,Cabesera 2 (Dappat),12/03/2022,12/03/2022
300,9,Cabesera 3 (San Fernando),12/03/2022,12/03/2022
301,9,Cabesera 4 (San Manuel),12/03/2022,12/03/2022
302,9,Cabesera 5 (Baribad),12/03/2022,12/03/2022
303,9,Cabesera 6 and 24 (Villa Marcos),12/03/2022,12/03/2022
304,9,Cabesera 7 (Nangalisan),12/03/2022,12/03/2022
305,9,Cabesera 9 and 11 (Capogotan),12/03/2022,12/03/2022
306,9,Cabesera 10 (Lapigui),12/03/2022,12/03/2022
307,9,Cabesera 14 and 16 (Casilagan),12/03/2022,12/03/2022
308,9,Cabesera 17 and 21 (San Rafael),12/03/2022,12/03/2022
309,9,Cabesera 19 (Villa Suerte),12/03/2022,12/03/2022
310,9,Cabesera 22 (Sablang),12/03/2022,12/03/2022
311,9,Cabesera 23 (San Francisco),12/03/2022,12/03/2022
312,9,Cabesera 25 (Santa Lucia),12/03/2022,12/03/2022
313,9,Cabesera 27 (Abuan),12/03/2022,12/03/2022
314,9,Cadu,12/03/2022,12/03/2022
315,9,Calamagui 1st,12/03/2022,12/03/2022
316,9,Calamagui 2nd,12/03/2022,12/03/2022
317,9,Camunatan,12/03/2022,12/03/2022
318,9,Capellan,12/03/2022,12/03/2022
319,9,Capo,12/03/2022,12/03/2022
320,9,Carikkikan Norte,12/03/2022,12/03/2022
321,9,Carikkikan Sur,12/03/2022,12/03/2022
322,9,Centro - San Antonio,12/03/2022,12/03/2022
323,9,Centro Poblacion,12/03/2022,12/03/2022
324,9,Fugu,12/03/2022,12/03/2022
325,9,Fuyo,12/03/2022,12/03/2022
326,9,Gayong-Gayong Norte,12/03/2022,12/03/2022
327,9,Gayong-Gayong Sur,12/03/2022,12/03/2022
328,9,Guinatan,12/03/2022,12/03/2022
329,9,Imelda Bliss Village,12/03/2022,12/03/2022
330,9,Lullutan,12/03/2022,12/03/2022
331,9,Malalam,12/03/2022,12/03/2022
332,9,Malasin (Angeles),12/03/2022,12/03/2022
333,9,Manaring,12/03/2022,12/03/2022
334,9,Mangcuram,12/03/2022,12/03/2022
335,9,Marana I,12/03/2022,12/03/2022
336,9,Marana II,12/03/2022,12/03/2022
337,9,Marana III,12/03/2022,12/03/2022
338,9,Minabang,12/03/2022,12/03/2022
339,9,Morado,12/03/2022,12/03/2022
340,9,Naguilian Norte,12/03/2022,12/03/2022
341,9,Naguilian Sur,12/03/2022,12/03/2022
342,9,Namnama,12/03/2022,12/03/2022
343,9,Nanaguan,12/03/2022,12/03/2022
344,9,Osmeña (Sinippil),12/03/2022,12/03/2022
345,9,Paliueg,12/03/2022,12/03/2022
346,9,Pasa,12/03/2022,12/03/2022
347,9,Pilar,12/03/2022,12/03/2022
348,9,Quimalabasa,12/03/2022,12/03/2022
349,9,Rang-ayan (Bintacan),12/03/2022,12/03/2022
350,9,Rugao,12/03/2022,12/03/2022
351,9,Salindingan,12/03/2022,12/03/2022
352,9,San Andres (Angarilla),12/03/2022,12/03/2022
353,9,San Felipe,12/03/2022,12/03/2022
354,9,San Ignacio (Canapi),12/03/2022,12/03/2022
355,9,San Isidro,12/03/2022,12/03/2022
356,9,San Juan,12/03/2022,12/03/2022
357,9,San Lorenzo,12/03/2022,12/03/2022
358,9,San Pablo,12/03/2022,12/03/2022
359,9,San Rodrigo,12/03/2022,12/03/2022
360,9,San Vicente (Poblacion),12/03/2022,12/03/2022
361,9,Santa Barbara (Poblacion),12/03/2022,12/03/2022
362,9,Santa Catalina,12/03/2022,12/03/2022
363,9,Santa Isabel Norte,12/03/2022,12/03/2022
364,9,Santa Isabel Sur,12/03/2022,12/03/2022
365,9,Santa Maria (Cabeseria 8),12/03/2022,12/03/2022
366,9,Santa Victoria,12/03/2022,12/03/2022
367,9,Santo Tomas,12/03/2022,12/03/2022
368,9,Siffu,12/03/2022,12/03/2022
369,9,Sindon Bayabo,12/03/2022,12/03/2022
370,9,Sindon Maride,12/03/2022,12/03/2022
371,9,Sipay,12/03/2022,12/03/2022
372,9,Tangcul,12/03/2022,12/03/2022
373,9,Villa Imelda (Maplas),12/03/2022,12/03/2022
374,10,Ambalatungan,12/03/2022,12/03/2022
375,10,Balintocatoc (Dariuk),12/03/2022,12/03/2022
376,10,Baluarte,12/03/2022,12/03/2022
377,10,Bannawag Norte,12/03/2022,12/03/2022
378,10,Batal,12/03/2022,12/03/2022
379,10,Buenavista (Sitio Carubucod),12/03/2022,12/03/2022
380,10,Cabulay,12/03/2022,12/03/2022
381,10,Calao East (Poblacion),12/03/2022,12/03/2022
382,10,Calao West (Poblacion),12/03/2022,12/03/2022
383,10,Calaocan (Talab),12/03/2022,12/03/2022
384,10,Villa Gonzaga (Caralet),12/03/2022,12/03/2022
385,10,Centro East (Poblacion),12/03/2022,12/03/2022
386,10,Centro West (Poblacion),12/03/2022,12/03/2022
387,10,Divisoria (Lantaran),12/03/2022,12/03/2022
388,10,Dubinan East,12/03/2022,12/03/2022
389,10,Dubinan West,12/03/2022,12/03/2022
390,10,Luna (Palasian),12/03/2022,12/03/2022
391,10,Mabini,12/03/2022,12/03/2022
392,10,Malvar,12/03/2022,12/03/2022
393,10,Nabbuan,12/03/2022,12/03/2022
394,10,Naggasican,12/03/2022,12/03/2022
395,10,Patul,12/03/2022,12/03/2022
396,10,Plaridel (Dullit),12/03/2022,12/03/2022
397,10,Rizal,12/03/2022,12/03/2022
398,10,Rosario (Pakret),12/03/2022,12/03/2022
399,10,Sagana (Kaminurian),12/03/2022,12/03/2022
400,10,Salvador (Kapayakan),12/03/2022,12/03/2022
401,10,San Andres,12/03/2022,12/03/2022
402,10,San Isidro,12/03/2022,12/03/2022
403,10,San Jose (Matunga-tungao),12/03/2022,12/03/2022
404,10,Sinili (Casilihan),12/03/2022,12/03/2022
405,10,Sinsayon,12/03/2022,12/03/2022
406,10,Santa Rosa (Marubo-rubo),12/03/2022,12/03/2022
407,10,Victory Norte,12/03/2022,12/03/2022
408,10,Victory Sur,12/03/2022,12/03/2022
409,10,Villasis,12/03/2022,12/03/2022
410,11,Anonang (Balitoc),12/03/2022,12/03/2022
411,11,Aguinaldo (Rizaluna Este),12/03/2022,12/03/2022
412,11,Calimaturod,12/03/2022,12/03/2022
413,11,Capirpiriwan,12/03/2022,12/03/2022
414,11,Caquilingan (Ilut) (San Luis),12/03/2022,12/03/2022
415,11,Dallao,12/03/2022,12/03/2022
416,11,Gayong,12/03/2022,12/03/2022
417,11,Laurel (Centro Norte),12/03/2022,12/03/2022
418,11,Magsaysay (Centro Sur Oeste),12/03/2022,12/03/2022
419,11,Malapat,12/03/2022,12/03/2022
420,11,Osmeña (Centro Sur Este),12/03/2022,12/03/2022
421,11,Quezon (Centro Norte Este),12/03/2022,12/03/2022
422,11,Quirino (Manasin),12/03/2022,12/03/2022
423,11,Rizaluna (Rizaluna Oeste),12/03/2022,12/03/2022
424,11,Roxas Pob. (Centro Sur),12/03/2022,12/03/2022
425,11,Sagat,12/03/2022,12/03/2022
426,11,San Juan (San Juan Este),12/03/2022,12/03/2022
427,11,Taliktik,12/03/2022,12/03/2022
428,11,Tanggal,12/03/2022,12/03/2022
429,11,Taringsing,12/03/2022,12/03/2022
430,11,Turod Norte,12/03/2022,12/03/2022
431,11,Turod Sur (Turod Sur Este),12/03/2022,12/03/2022
432,11,Villamiemban,12/03/2022,12/03/2022
433,11,Villamarzo,12/03/2022,12/03/2022
434,11,Camarao,12/03/2022,12/03/2022
435,11,Wigan,12/03/2022,12/03/2022
436,12,Aga,12/03/2022,12/03/2022
437,12,Andarayan,12/03/2022,12/03/2022
438,12,Aneg,12/03/2022,12/03/2022
439,12,Bayabo,12/03/2022,12/03/2022
440,12,Calinaoan Sur,12/03/2022,12/03/2022
441,12,Capitol,12/03/2022,12/03/2022
442,12,Carmencita,12/03/2022,12/03/2022
443,12,Concepcion,12/03/2022,12/03/2022
444,12,Maui,12/03/2022,12/03/2022
445,12,Quibal,12/03/2022,12/03/2022
446,12,Ragan Almacen,12/03/2022,12/03/2022
447,12,Ragan Norte,12/03/2022,12/03/2022
448,12,Ragan Sur (Poblacion),12/03/2022,12/03/2022
449,12,Rizal,12/03/2022,12/03/2022
450,12,San Andres,12/03/2022,12/03/2022
451,12,San Antonio,12/03/2022,12/03/2022
452,12,San Isidro,12/03/2022,12/03/2022
453,12,San Jose,12/03/2022,12/03/2022
454,12,San Juan,12/03/2022,12/03/2022
455,12,San Macario,12/03/2022,12/03/2022
456,12,San Nicolas (Fusi),12/03/2022,12/03/2022
457,12,San Patricio,12/03/2022,12/03/2022
458,12,San Roque,12/03/2022,12/03/2022
459,12,Santo Rosario,12/03/2022,12/03/2022
460,12,Santor,12/03/2022,12/03/2022
461,12,Villa Luz,12/03/2022,12/03/2022
462,12,Villa Pereda,12/03/2022,12/03/2022
463,12,Visitacion,12/03/2022,12/03/2022
464,12,Caloocan,12/03/2022,12/03/2022
465,13,Ayod,12/03/2022,12/03/2022
466,13,Bucal Sur,12/03/2022,12/03/2022
467,13,Bucal Norte,12/03/2022,12/03/2022
468,13,Dibulo,12/03/2022,12/03/2022
469,13,Digumased (Poblacion),12/03/2022,12/03/2022
470,13,Dimaluade,12/03/2022,12/03/2022
471,14,Dicambangan,12/03/2022,12/03/2022
472,14,Dicaruyan,12/03/2022,12/03/2022
473,14,Dicatian,12/03/2022,12/03/2022
474,14,Bicobian,12/03/2022,12/03/2022
475,14,Dilakit,12/03/2022,12/03/2022
476,14,Dimapnat,12/03/2022,12/03/2022
477,14,Dimapula (Poblacion),12/03/2022,12/03/2022
478,14,Dimasalansan,12/03/2022,12/03/2022
479,14,Dipudo,12/03/2022,12/03/2022
480,14,Dibulos,12/03/2022,12/03/2022
481,14,Ditarum,12/03/2022,12/03/2022
482,14,Sapinit,12/03/2022,12/03/2022
483,15,Angoluan,12/03/2022,12/03/2022
484,15,Annafunan,12/03/2022,12/03/2022
485,15,Arabiat,12/03/2022,12/03/2022
486,15,Aromin,12/03/2022,12/03/2022
487,15,Babaran,12/03/2022,12/03/2022
488,15,Bacradal,12/03/2022,12/03/2022
489,15,Benguet,12/03/2022,12/03/2022
490,15,Buneg,12/03/2022,12/03/2022
491,15,Busilelao,12/03/2022,12/03/2022
492,15,Cabugao (Poblacion),12/03/2022,12/03/2022
493,15,Caniguing,12/03/2022,12/03/2022
494,15,Carulay,12/03/2022,12/03/2022
495,15,Castillo,12/03/2022,12/03/2022
496,15,Dammang East,12/03/2022,12/03/2022
497,15,Dammang West,12/03/2022,12/03/2022
498,15,Diasan,12/03/2022,12/03/2022
499,15,Dicaraoyan,12/03/2022,12/03/2022
500,15,Dugayong,12/03/2022,12/03/2022
501,15,Fugu,12/03/2022,12/03/2022
502,15,Garit Norte,12/03/2022,12/03/2022
503,15,Garit Sur,12/03/2022,12/03/2022
504,15,Gucab,12/03/2022,12/03/2022
505,15,Gumbauan,12/03/2022,12/03/2022
506,15,Ipil,12/03/2022,12/03/2022
507,15,Libertad,12/03/2022,12/03/2022
508,15,Mabbayad,12/03/2022,12/03/2022
509,15,Mabuhay,12/03/2022,12/03/2022
510,15,Madadamian,12/03/2022,12/03/2022
511,15,Magleticia,12/03/2022,12/03/2022
512,15,Malibago,12/03/2022,12/03/2022
513,15,Maligaya,12/03/2022,12/03/2022
514,15,Malitao,12/03/2022,12/03/2022
515,15,Narra,12/03/2022,12/03/2022
516,15,Nilumisu,12/03/2022,12/03/2022
517,15,Pag-asa,12/03/2022,12/03/2022
518,15,Pangal Norte,12/03/2022,12/03/2022
519,15,Pangal Sur,12/03/2022,12/03/2022
520,15,Rumang-ay,12/03/2022,12/03/2022
521,15,Salay,12/03/2022,12/03/2022
522,15,Salvacion,12/03/2022,12/03/2022
523,15,San Antonio Ugad,12/03/2022,12/03/2022
524,15,San Antonio Minit,12/03/2022,12/03/2022
525,15,San Carlos,12/03/2022,12/03/2022
526,15,San Fabian,12/03/2022,12/03/2022
527,15,San Felipe,12/03/2022,12/03/2022
528,15,San Juan,12/03/2022,12/03/2022
529,15,San Manuel (formerly Atelan)[8],12/03/2022,12/03/2022
530,15,San Miguel,12/03/2022,12/03/2022
531,15,San Salvador,12/03/2022,12/03/2022
532,15,Santa Ana,12/03/2022,12/03/2022
533,15,Santa Cruz,12/03/2022,12/03/2022
534,15,Santa Maria,12/03/2022,12/03/2022
535,15,Santa Monica,12/03/2022,12/03/2022
536,15,Santo Domingo,12/03/2022,12/03/2022
537,15,Silauan Sur (Poblacion),12/03/2022,12/03/2022
538,15,Silauan Norte (Poblacion),12/03/2022,12/03/2022
539,15,Sinabbaran,12/03/2022,12/03/2022
540,15,Soyung (Poblacion),12/03/2022,12/03/2022
541,15,Taggappan (Poblacion),12/03/2022,12/03/2022
542,15,Tuguegarao,12/03/2022,12/03/2022
543,15,Villa Campo,12/03/2022,12/03/2022
544,15,Villa Fermin,12/03/2022,12/03/2022
545,15,Villa Rey,12/03/2022,12/03/2022
546,15,Villa Victoria,12/03/2022,12/03/2022
547,16,Barcolan,12/03/2022,12/03/2022
548,16,Buenavista,12/03/2022,12/03/2022
549,16,Dammao,12/03/2022,12/03/2022
550,16,District I (Poblacion),12/03/2022,12/03/2022
551,16,District II (Poblacion),12/03/2022,12/03/2022
552,16,District III (Poblacion),12/03/2022,12/03/2022
553,16,Furao,12/03/2022,12/03/2022
554,16,Guibang,12/03/2022,12/03/2022
555,16,Lenzon,12/03/2022,12/03/2022
556,16,Linglingay,12/03/2022,12/03/2022
557,16,Mabini,12/03/2022,12/03/2022
558,16,Pintor,12/03/2022,12/03/2022
559,16,Rizal,12/03/2022,12/03/2022
560,16,Songsong,12/03/2022,12/03/2022
561,16,Union,12/03/2022,12/03/2022
562,16,Upi,12/03/2022,12/03/2022
563,17,Abulan,12/03/2022,12/03/2022
564,17,Addalam,12/03/2022,12/03/2022
565,17,Arubub,12/03/2022,12/03/2022
566,17,Bannawag,12/03/2022,12/03/2022
567,17,Bantay,12/03/2022,12/03/2022
568,17,Barangay I (Poblacion - Centro),12/03/2022,12/03/2022
569,17,Barangay II (Poblacion - Centro),12/03/2022,12/03/2022
570,17,Barangcuag,12/03/2022,12/03/2022
571,17,Dalibubon,12/03/2022,12/03/2022
572,17,Daligan,12/03/2022,12/03/2022
573,17,Diarao,12/03/2022,12/03/2022
574,17,Dibuluan,12/03/2022,12/03/2022
575,17,Dicamay I,12/03/2022,12/03/2022
576,17,Dicamay II,12/03/2022,12/03/2022
577,17,Dipangit,12/03/2022,12/03/2022
578,17,Disimpit,12/03/2022,12/03/2022
579,17,Divinan,12/03/2022,12/03/2022
580,17,Dumawing,12/03/2022,12/03/2022
581,17,Fugu,12/03/2022,12/03/2022
582,17,Lacab,12/03/2022,12/03/2022
583,17,Linamanan,12/03/2022,12/03/2022
584,17,Linomot,12/03/2022,12/03/2022
585,17,Malannit,12/03/2022,12/03/2022
586,17,Minuri,12/03/2022,12/03/2022
587,17,Namnama,12/03/2022,12/03/2022
588,17,Napaliong,12/03/2022,12/03/2022
589,17,Palagao,12/03/2022,12/03/2022
590,17,Papan Este,12/03/2022,12/03/2022
591,17,Papan Weste,12/03/2022,12/03/2022
592,17,Payac,12/03/2022,12/03/2022
593,17,Pungpongan,12/03/2022,12/03/2022
594,17,San Antonio,12/03/2022,12/03/2022
595,17,San Isidro,12/03/2022,12/03/2022
596,17,San Jose,12/03/2022,12/03/2022
597,17,San Roque,12/03/2022,12/03/2022
598,17,San Sebastian,12/03/2022,12/03/2022
599,17,San Vicente,12/03/2022,12/03/2022
600,17,Santa Isabel,12/03/2022,12/03/2022
601,17,Santo Domingo,12/03/2022,12/03/2022
602,17,Tupax,12/03/2022,12/03/2022
603,17,Usol,12/03/2022,12/03/2022
604,17,Villa Bello,12/03/2022,12/03/2022
605,18,Bustamante,12/03/2022,12/03/2022
606,18,Centro 1 (Poblacion),12/03/2022,12/03/2022
607,18,Centro 2 (Poblacion),12/03/2022,12/03/2022
608,18,Centro 3 (Poblacion),12/03/2022,12/03/2022
609,18,Concepcion,12/03/2022,12/03/2022
610,18,Dadap,12/03/2022,12/03/2022
611,18,Harana,12/03/2022,12/03/2022
612,18,Lalog 1,12/03/2022,12/03/2022
613,18,Lalog 2,12/03/2022,12/03/2022
614,18,Luyao,12/03/2022,12/03/2022
615,18,Macañao,12/03/2022,12/03/2022
616,18,Macugay,12/03/2022,12/03/2022
617,18,Mambabanga,12/03/2022,12/03/2022
618,18,Pulay,12/03/2022,12/03/2022
619,18,Puroc,12/03/2022,12/03/2022
620,18,San Isidro,12/03/2022,12/03/2022
621,18,San Miguel,12/03/2022,12/03/2022
622,18,Santo Domingo,12/03/2022,12/03/2022
623,18,Union Kalinga,12/03/2022,12/03/2022
624,19,Diana,12/03/2022,12/03/2022
625,19,Eleonor (Poblacion),12/03/2022,12/03/2022
626,19,Fely (Poblacion),12/03/2022,12/03/2022
627,19,Lita (Poblacion),12/03/2022,12/03/2022
628,19,Reina Mercedes,12/03/2022,12/03/2022
629,19,Minanga,12/03/2022,12/03/2022
630,19,Malasin,12/03/2022,12/03/2022
631,19,Canadam,12/03/2022,12/03/2022
632,19,Aplaya,12/03/2022,12/03/2022
633,19,Santa Marina (Dianggo),12/03/2022,12/03/2022
634,20,San Pedro (Barucbuc Sur),12/03/2022,12/03/2022
635,20,Bimonton,12/03/2022,12/03/2022
636,20,Casili,12/03/2022,12/03/2022
637,20,Centro I,12/03/2022,12/03/2022
638,20,Holy Friday,12/03/2022,12/03/2022
639,20,Jacinto Baniqued (Centro II pob),12/03/2022,12/03/2022
640,20,Maligaya,12/03/2022,12/03/2022
641,20,Manano,12/03/2022,12/03/2022
642,20,Olango,12/03/2022,12/03/2022
643,20,Rang-ayan,12/03/2022,12/03/2022
644,20,San Jose Norte I,12/03/2022,12/03/2022
645,20,San Jose Sur,12/03/2022,12/03/2022
646,20,Siempre Viva Norte,12/03/2022,12/03/2022
647,20,Trinidad,12/03/2022,12/03/2022
648,20,Victoria,12/03/2022,12/03/2022
649,20,San Jose Norte II,12/03/2022,12/03/2022
650,20,San Ramon,12/03/2022,12/03/2022
651,20,Siempre Viva Sur,12/03/2022,12/03/2022
652,21,Aguinaldo,12/03/2022,12/03/2022
653,21,Bagong Sikat,12/03/2022,12/03/2022
654,21,Burgos,12/03/2022,12/03/2022
655,21,Cabaruan,12/03/2022,12/03/2022
656,21,Flores,12/03/2022,12/03/2022
657,21,La Union,12/03/2022,12/03/2022
658,21,Magsaysay (Poblacion),12/03/2022,12/03/2022
659,21,Manaring,12/03/2022,12/03/2022
660,21,Mansibang,12/03/2022,12/03/2022
661,21,Minallo,12/03/2022,12/03/2022
662,21,Minanga,12/03/2022,12/03/2022
663,21,Palattao,12/03/2022,12/03/2022
664,21,Quezon (Poblacion),12/03/2022,12/03/2022
665,21,Quinalabasa,12/03/2022,12/03/2022
666,21,Quirino (Poblacion),12/03/2022,12/03/2022
667,21,Rang-Ayan,12/03/2022,12/03/2022
668,21,Rizal,12/03/2022,12/03/2022
669,21,Roxas (Poblacion),12/03/2022,12/03/2022
670,21,San Manuel,12/03/2022,12/03/2022
671,21,Santo Tomas,12/03/2022,12/03/2022
672,21,Sunlife,12/03/2022,12/03/2022
673,21,Surcoc,12/03/2022,12/03/2022
674,21,Tomines,12/03/2022,12/03/2022
675,21,Villapaz,12/03/2022,12/03/2022
676,21,Villa Capuchino,12/03/2022,12/03/2022
677,22,Alomanay,12/03/2022,12/03/2022
678,22,Bisag,12/03/2022,12/03/2022
679,22,Culasi,12/03/2022,12/03/2022
680,22,Dialaoyao,12/03/2022,12/03/2022
681,22,Dibewan,12/03/2022,12/03/2022
682,22,Dicadyuan,12/03/2022,12/03/2022
683,22,Dicotkotan,12/03/2022,12/03/2022
684,22,Diddadungan,12/03/2022,12/03/2022
685,22,Didyan,12/03/2022,12/03/2022
686,22,Dimalicu-licu,12/03/2022,12/03/2022
687,22,Dimasari,12/03/2022,12/03/2022
688,22,Dimatican,12/03/2022,12/03/2022
689,22,Ditambali,12/03/2022,12/03/2022
690,22,Maligaya,12/03/2022,12/03/2022
691,22,Marikit,12/03/2022,12/03/2022
692,22,Centro East (Poblacion),12/03/2022,12/03/2022
693,22,Centro West (Poblacion),12/03/2022,12/03/2022
694,23,Abut,12/03/2022,12/03/2022
695,23,Alunan (Poblacion),12/03/2022,12/03/2022
696,23,Arellano (Poblacion),12/03/2022,12/03/2022
697,23,Aurora,12/03/2022,12/03/2022
698,23,Barucboc Norte,12/03/2022,12/03/2022
699,23,Calangigan (Calamagui),12/03/2022,12/03/2022
700,23,Dunmon,12/03/2022,12/03/2022
701,23,Estrada,12/03/2022,12/03/2022
702,23,Lepanto,12/03/2022,12/03/2022
703,23,Mangga,12/03/2022,12/03/2022
704,23,Minagbag,12/03/2022,12/03/2022
705,23,Samonte (Poblacion),12/03/2022,12/03/2022
706,23,San Juan,12/03/2022,12/03/2022
707,23,Santos (Poblacion),12/03/2022,12/03/2022
708,23,Turod,12/03/2022,12/03/2022
709,24,Binarzang,12/03/2022,12/03/2022
710,24,Cabaruan,12/03/2022,12/03/2022
711,24,Camaal,12/03/2022,12/03/2022
712,24,Dolores,12/03/2022,12/03/2022
713,24,Luna (Poblacion),12/03/2022,12/03/2022
714,24,Manaoag,12/03/2022,12/03/2022
715,24,Rizal,12/03/2022,12/03/2022
716,24,San Isidro,12/03/2022,12/03/2022
717,24,San Jose,12/03/2022,12/03/2022
718,24,San Juan,12/03/2022,12/03/2022
719,24,San Mateo,12/03/2022,12/03/2022
720,24,San Vicente,12/03/2022,12/03/2022
721,24,Santa Catalina,12/03/2022,12/03/2022
722,24,Santa Lucia,12/03/2022,12/03/2022
723,24,Santiago (Villa Cacho),12/03/2022,12/03/2022
724,24,Santo Domingo,12/03/2022,12/03/2022
725,24,Sinait,12/03/2022,12/03/2022
726,24,Suerte,12/03/2022,12/03/2022
727,24,Villa Bulusan,12/03/2022,12/03/2022
728,24,Villa Miguel (Tabok),12/03/2022,12/03/2022
729,24,Vintar,12/03/2022,12/03/2022
731,25,Ambatali,12/03/2022,12/03/2022
732,25,Bantug,12/03/2022,12/03/2022
733,25,Bugallion Norte,12/03/2022,12/03/2022
734,25,Bugallion Proper (Centro),12/03/2022,12/03/2022
735,25,Burgos,12/03/2022,12/03/2022
736,25,General Aguinaldo,12/03/2022,12/03/2022
737,25,Nagbacalan,12/03/2022,12/03/2022
738,25,Oscariz,12/03/2022,12/03/2022
739,25,Pabil,12/03/2022,12/03/2022
740,25,Pagrang-ayan,12/03/2022,12/03/2022
741,25,Planas,12/03/2022,12/03/2022
742,25,Purok ni bulan,12/03/2022,12/03/2022
743,25,Raniag,12/03/2022,12/03/2022
744,25,San Miguel,12/03/2022,12/03/2022
745,25,San Antonio,12/03/2022,12/03/2022
746,25,San Sebastian,12/03/2022,12/03/2022
747,25,Villa Beltran,12/03/2022,12/03/2022
748,25,Villa Carmen,12/03/2022,12/03/2022
749,25,Villa Marcos,12/03/2022,12/03/2022
750,26,Banquero,12/03/2022,12/03/2022
751,26,Binarsang,12/03/2022,12/03/2022
752,26,Cutog Grande,12/03/2022,12/03/2022
753,26,Cutog Pequeño,12/03/2022,12/03/2022
754,26,Dangan,12/03/2022,12/03/2022
755,26,District I (Poblacion),12/03/2022,12/03/2022
756,26,District II,12/03/2022,12/03/2022
757,26,Labinab Grande,12/03/2022,12/03/2022
758,26,Labinab Pequeño,12/03/2022,12/03/2022
759,26,Mallalatang Grande,12/03/2022,12/03/2022
760,26,Mallalatang Tunggui,12/03/2022,12/03/2022
761,26,Nappacu Grande (Poblacion),12/03/2022,12/03/2022
762,26,Nappacu Pequeño (Poblacion),12/03/2022,12/03/2022
763,26,Salucong,12/03/2022,12/03/2022
764,26,Santiago,12/03/2022,12/03/2022
765,26,Santor,12/03/2022,12/03/2022
766,26,Sinippil (Poblacion),12/03/2022,12/03/2022
767,26,Tallungan (Poblacion),12/03/2022,12/03/2022
768,26,Turod,12/03/2022,12/03/2022
769,26,Villador,12/03/2022,12/03/2022
770,27,Anao,12/03/2022,12/03/2022
771,27,Bantug (Poblacion),12/03/2022,12/03/2022
772,27,Doña Concha,12/03/2022,12/03/2022
773,27,Imbiao,12/03/2022,12/03/2022
774,27,Lanting,12/03/2022,12/03/2022
775,27,Lucban,12/03/2022,12/03/2022
776,27,Luna (Poblacion),12/03/2022,12/03/2022
777,27,Marcos,12/03/2022,12/03/2022
778,27,Masigun,12/03/2022,12/03/2022
779,27,Matusalem,12/03/2022,12/03/2022
780,27,Muñoz East,12/03/2022,12/03/2022
781,27,Muñoz West,12/03/2022,12/03/2022
782,27,Quiling,12/03/2022,12/03/2022
783,27,Rang-ayan,12/03/2022,12/03/2022
784,27,Rizal (Poblacion),12/03/2022,12/03/2022
785,27,San Antonio,12/03/2022,12/03/2022
786,27,San Jose,12/03/2022,12/03/2022
787,27,San Luis,12/03/2022,12/03/2022
788,27,San Pedro,12/03/2022,12/03/2022
789,27,San Placido,12/03/2022,12/03/2022
790,27,San Rafael,12/03/2022,12/03/2022
791,27,Simimbaan,12/03/2022,12/03/2022
792,27,Sinamar,12/03/2022,12/03/2022
793,27,Sotero Nuesa,12/03/2022,12/03/2022
794,27,Villa Concepcion,12/03/2022,12/03/2022
795,27,Vira (Poblacion),12/03/2022,12/03/2022
796,28,Bautista,12/03/2022,12/03/2022
797,28,Calaocan,12/03/2022,12/03/2022
798,28,Dabubu Grande,12/03/2022,12/03/2022
799,28,Dabubu Pequeño,12/03/2022,12/03/2022
800,28,Dappig,12/03/2022,12/03/2022
801,28,Laoag,12/03/2022,12/03/2022
802,28,Mapalad,12/03/2022,12/03/2022
803,28,Masaya Centro (Poblacion),12/03/2022,12/03/2022
804,28,Masaya Norte,12/03/2022,12/03/2022
805,28,Masaya Sur,12/03/2022,12/03/2022
806,28,Nemmatan,12/03/2022,12/03/2022
807,28,Palacian,12/03/2022,12/03/2022
808,28,Panang,12/03/2022,12/03/2022
809,28,Quimalabasa Norte,12/03/2022,12/03/2022
810,28,Quimalabasa Sur,12/03/2022,12/03/2022
811,28,Rang-ay,12/03/2022,12/03/2022
812,28,Salay,12/03/2022,12/03/2022
813,28,San Antonio,12/03/2022,12/03/2022
814,28,Santo Niño,12/03/2022,12/03/2022
815,28,Santos,12/03/2022,12/03/2022
816,28,Sinaoangan Norte,12/03/2022,12/03/2022
817,28,Sinaoangan Sur,12/03/2022,12/03/2022
818,28,Virgoneza,12/03/2022,12/03/2022
819,29,Anonang,12/03/2022,12/03/2022
820,29,Aringay,12/03/2022,12/03/2022
821,29,Burgos,12/03/2022,12/03/2022
822,29,Calaoagan,12/03/2022,12/03/2022
823,29,Centro 1 (Poblacion),12/03/2022,12/03/2022
824,29,Centro 2 (Poblacion),12/03/2022,12/03/2022
825,29,Colorado,12/03/2022,12/03/2022
826,29,Dietban,12/03/2022,12/03/2022
827,29,Dingading,12/03/2022,12/03/2022
828,29,Dipacamo,12/03/2022,12/03/2022
829,29,Estrella,12/03/2022,12/03/2022
830,29,Guam,12/03/2022,12/03/2022
831,29,Nakar,12/03/2022,12/03/2022
832,29,Palawan,12/03/2022,12/03/2022
833,29,Progreso,12/03/2022,12/03/2022
834,29,Rizal,12/03/2022,12/03/2022
835,29,San Francisco Norte,12/03/2022,12/03/2022
836,29,San Francisco Sur,12/03/2022,12/03/2022
837,29,San Mariano Norte,12/03/2022,12/03/2022
838,29,San Mariano Sur,12/03/2022,12/03/2022
839,29,San Rafael,12/03/2022,12/03/2022
840,29,Sinalugan,12/03/2022,12/03/2022
841,29,Villa Remedios,12/03/2022,12/03/2022
842,29,Villa Rose,12/03/2022,12/03/2022
843,29,Villa Sanchez,12/03/2022,12/03/2022
844,29,Villa Teresita,12/03/2022,12/03/2022
845,30,Camarag,12/03/2022,12/03/2022
846,30,Cebu,12/03/2022,12/03/2022
847,30,Doña Paulina,12/03/2022,12/03/2022
848,30,Gomez (Poblacion),12/03/2022,12/03/2022
849,30,Gud,12/03/2022,12/03/2022
850,30,Nagbukel,12/03/2022,12/03/2022
851,30,Patanad,12/03/2022,12/03/2022
852,30,Quezon,12/03/2022,12/03/2022
853,30,Ramos East,12/03/2022,12/03/2022
854,30,Ramos West,12/03/2022,12/03/2022
855,30,Rizal East,12/03/2022,12/03/2022
856,30,Rizal West,12/03/2022,12/03/2022
857,30,Villaflor,12/03/2022,12/03/2022
858,31,Agliam,12/03/2022,12/03/2022
859,31,Babanuang,12/03/2022,12/03/2022
860,31,Cabaritan,12/03/2022,12/03/2022
861,31,Caraniogan,12/03/2022,12/03/2022
862,31,Eden,12/03/2022,12/03/2022
863,31,Malalinta,12/03/2022,12/03/2022
864,31,Mararigue,12/03/2022,12/03/2022
865,31,Nueva Era,12/03/2022,12/03/2022
866,31,Pisang,12/03/2022,12/03/2022
867,31,District 1 (Poblacion),12/03/2022,12/03/2022
868,31,District 2 (Poblacion),12/03/2022,12/03/2022
869,31,District 3 (Poblacion),12/03/2022,12/03/2022
870,31,District 4 (Poblacion),12/03/2022,12/03/2022
871,31,San Francisco,12/03/2022,12/03/2022
872,31,Sandiat Centro,12/03/2022,12/03/2022
873,31,Sandiat East,12/03/2022,12/03/2022
874,31,Sandiat West,12/03/2022,12/03/2022
875,31,Santa Cruz,12/03/2022,12/03/2022
876,31,Villanueva,12/03/2022,12/03/2022
877,32,Alibadabad,12/03/2022,12/03/2022
878,32,Balagan,12/03/2022,12/03/2022
879,32,Binatug,12/03/2022,12/03/2022
880,32,Bitabian,12/03/2022,12/03/2022
881,32,Buyasan,12/03/2022,12/03/2022
882,32,Cadsalan,12/03/2022,12/03/2022
883,32,Casala,12/03/2022,12/03/2022
884,32,Cataguing,12/03/2022,12/03/2022
885,32,Daragutan East,12/03/2022,12/03/2022
886,32,Daragutan West,12/03/2022,12/03/2022
887,32,Del Pilar,12/03/2022,12/03/2022
888,32,Dibuluan,12/03/2022,12/03/2022
889,32,Dicamay,12/03/2022,12/03/2022
890,32,Dipusu,12/03/2022,12/03/2022
891,32,Disulap,12/03/2022,12/03/2022
892,32,Disusuan,12/03/2022,12/03/2022
893,32,Gangalan,12/03/2022,12/03/2022
894,32,Ibujan,12/03/2022,12/03/2022
895,32,Libertad,12/03/2022,12/03/2022
896,32,Macayucayu,12/03/2022,12/03/2022
897,32,Mallabo,12/03/2022,12/03/2022
898,32,Marannao,12/03/2022,12/03/2022
899,32,Minanga,12/03/2022,12/03/2022
900,32,Old San Mariano,12/03/2022,12/03/2022
901,32,Palutan,12/03/2022,12/03/2022
902,32,Panninan,12/03/2022,12/03/2022
903,32,Zone I (Poblacion),12/03/2022,12/03/2022
904,32,Zone II (Poblacion),12/03/2022,12/03/2022
905,32,Zone III (Poblacion),12/03/2022,12/03/2022
906,32,San Jose,12/03/2022,12/03/2022
907,32,San Pablo,12/03/2022,12/03/2022
908,32,San Pedro,12/03/2022,12/03/2022
909,32,Santa Filomena,12/03/2022,12/03/2022
910,32,Tappa,12/03/2022,12/03/2022
911,32,Ueg,12/03/2022,12/03/2022
912,32,Zamora,12/03/2022,12/03/2022
913,33,Bacarreña,12/03/2022,12/03/2022
914,33,Bagong Sikat,12/03/2022,12/03/2022
915,33,Bella Luz,12/03/2022,12/03/2022
916,33,Dagupan,12/03/2022,12/03/2022
917,33,Daramuangan Norte,12/03/2022,12/03/2022
918,33,Daramuangan Sur,12/03/2022,12/03/2022
919,33,Estrella,12/03/2022,12/03/2022
920,33,Gaddanan,12/03/2022,12/03/2022
921,33,Malasin,12/03/2022,12/03/2022
922,33,Mapuroc,12/03/2022,12/03/2022
923,33,Marasat Grande,12/03/2022,12/03/2022
924,33,Marasat Pequeño,12/03/2022,12/03/2022
925,33,Old Centro I,12/03/2022,12/03/2022
926,33,Old Centro Proper,12/03/2022,12/03/2022
927,33,Barangay I (Poblacion),12/03/2022,12/03/2022
928,33,Barangay II (Poblacion),12/03/2022,12/03/2022
929,33,Barangay III (Poblacion),12/03/2022,12/03/2022
930,33,Barangay IV (Poblacion),12/03/2022,12/03/2022
931,33,Salinungan East,12/03/2022,12/03/2022
932,33,Salinungan West,12/03/2022,12/03/2022
933,33,San Andres,12/03/2022,12/03/2022
934,33,San Antonio,12/03/2022,12/03/2022
935,33,San Ignacio,12/03/2022,12/03/2022
936,33,San Manuel,12/03/2022,12/03/2022
937,33,San Marcos,12/03/2022,12/03/2022
938,33,San Roque,12/03/2022,12/03/2022
939,33,Sinamar Norte,12/03/2022,12/03/2022
940,33,Sinamar Sur,12/03/2022,12/03/2022
941,33,Victoria,12/03/2022,12/03/2022
942,33,Villafuerte,12/03/2022,12/03/2022
943,33,Villa Cruz,12/03/2022,12/03/2022
944,33,Villa Magat,12/03/2022,12/03/2022
945,33,Villa Gamiao (Buyon),12/03/2022,12/03/2022
946,34,Annanuman,12/03/2022,12/03/2022
947,34,Auitan,12/03/2022,12/03/2022
948,34,Ballacayu,12/03/2022,12/03/2022
949,34,Binguang,12/03/2022,12/03/2022
950,34,Bungad,12/03/2022,12/03/2022
951,34,Dalena,12/03/2022,12/03/2022
952,34,Caddangan/Limbauan,12/03/2022,12/03/2022
953,34,Calamagui,12/03/2022,12/03/2022
954,34,Caralucud,12/03/2022,12/03/2022
955,34,Guminga,12/03/2022,12/03/2022
956,34,Minanga Norte,12/03/2022,12/03/2022
957,34,Minanga Sur,12/03/2022,12/03/2022
958,34,San Jose,12/03/2022,12/03/2022
959,34,Poblacion,12/03/2022,12/03/2022
960,34,Simanu Norte,12/03/2022,12/03/2022
961,34,Simanu Sur,12/03/2022,12/03/2022
962,34,Tupa (San Vicente),12/03/2022,12/03/2022
963,35,Bangad,12/03/2022,12/03/2022
964,35,Buenavista,12/03/2022,12/03/2022
965,35,Calamagui North,12/03/2022,12/03/2022
966,35,Calamagui East,12/03/2022,12/03/2022
967,35,Calamagui West,12/03/2022,12/03/2022
968,35,Divisoria,12/03/2022,12/03/2022
969,35,Lingaling,12/03/2022,12/03/2022
970,35,Mozzozzin Sur,12/03/2022,12/03/2022
971,35,Mozzozzin North,12/03/2022,12/03/2022
972,35,Naganacan,12/03/2022,12/03/2022
973,35,Poblacion 1,12/03/2022,12/03/2022
974,35,Poblacion 2,12/03/2022,12/03/2022
975,35,Poblacion 3,12/03/2022,12/03/2022
976,35,Quinagabian,12/03/2022,12/03/2022
977,35,San Antonio,12/03/2022,12/03/2022
978,35,San Isidro East,12/03/2022,12/03/2022
979,35,San Isidro West,12/03/2022,12/03/2022
980,35,San Rafael West,12/03/2022,12/03/2022
981,35,San Rafael East,12/03/2022,12/03/2022
982,35,Villabuena,12/03/2022,12/03/2022
984,36,Ammugauan,12/03/2022,12/03/2022
985,36,Antagan,12/03/2022,12/03/2022
986,36,Bagabag,12/03/2022,12/03/2022
987,36,Bagutari,12/03/2022,12/03/2022
988,36,Balelleng,12/03/2022,12/03/2022
989,36,Barumbong,12/03/2022,12/03/2022
990,36,Biga Occidental,12/03/2022,12/03/2022
991,36,Biga Oriental,12/03/2022,12/03/2022
992,36,Bubug,12/03/2022,12/03/2022
993,36,Bolinao-Culalabo,12/03/2022,12/03/2022
994,36,Calanigan Norte,12/03/2022,12/03/2022
995,36,Calanigan Sur,12/03/2022,12/03/2022
996,36,Calinaoan Centro,12/03/2022,12/03/2022
997,36,Calinaoan Malasin,12/03/2022,12/03/2022
998,36,Calinaoan Norte,12/03/2022,12/03/2022
999,36,Cañogan Abajo Norte,12/03/2022,12/03/2022
1000,36,Cañogan Abajo Sur,12/03/2022,12/03/2022
1001,36,Cañogan Alto,12/03/2022,12/03/2022
1002,36,Centro,12/03/2022,12/03/2022
1003,36,Colunguan,12/03/2022,12/03/2022
1004,36,Malapagay,12/03/2022,12/03/2022
1005,36,San Rafael Abajo,12/03/2022,12/03/2022
1006,36,San Rafael Alto,12/03/2022,12/03/2022
1007,36,San Roque,12/03/2022,12/03/2022
1008,36,San Vicente,12/03/2022,12/03/2022
1009,36,Uauang-Tuliao,12/03/2022,12/03/2022
1010,36,Uauang-Galicia,12/03/2022,12/03/2022
1011,37,Annafunan,12/03/2022,12/03/2022
1012,37,Antagan I,12/03/2022,12/03/2022
1013,37,Antagan II,12/03/2022,12/03/2022
1014,37,Arcon,12/03/2022,12/03/2022
1015,37,Balug,12/03/2022,12/03/2022
1016,37,Banig,12/03/2022,12/03/2022
1017,37,Bantug,12/03/2022,12/03/2022
1018,37,Barangay District 1 (Poblacion),12/03/2022,12/03/2022
1019,37,Barangay District 2 (Poblacion),12/03/2022,12/03/2022
1020,37,Barangay District 3 (Poblacion),12/03/2022,12/03/2022
1021,37,Barangay District 4 (Poblacion),12/03/2022,12/03/2022
1022,37,Bayabo East,12/03/2022,12/03/2022
1023,37,Caligayan,12/03/2022,12/03/2022
1024,37,Camasi,12/03/2022,12/03/2022
1025,37,Carpentero,12/03/2022,12/03/2022
1026,37,Compania,12/03/2022,12/03/2022
1027,37,Cumabao,12/03/2022,12/03/2022
1028,37,Fermeldy (Hacienda San Francisco),12/03/2022,12/03/2022
1029,37,Fugu Abajo,12/03/2022,12/03/2022
1030,37,Fugu Norte,12/03/2022,12/03/2022
1031,37,Fugu Sur,12/03/2022,12/03/2022
1032,37,Lalauanan,12/03/2022,12/03/2022
1033,37,Lanna,12/03/2022,12/03/2022
1034,37,Lapogan,12/03/2022,12/03/2022
1035,37,Lingaling (Poblacion),12/03/2022,12/03/2022
1036,37,Liwanag,12/03/2022,12/03/2022
1037,37,Malamag East,12/03/2022,12/03/2022
1038,37,Malamag West,12/03/2022,12/03/2022
1039,37,Maligaya (Poblacion),12/03/2022,12/03/2022
1040,37,Minanga,12/03/2022,12/03/2022
1041,37,Moldero,12/03/2022,12/03/2022
1042,37,Namnama,12/03/2022,12/03/2022
1043,37,Paragu,12/03/2022,12/03/2022
1044,37,Pilitan,12/03/2022,12/03/2022
1045,37,San Mateo,12/03/2022,12/03/2022
1046,37,San Pedro,12/03/2022,12/03/2022
1047,37,San Vicente,12/03/2022,12/03/2022
1048,37,Santa,12/03/2022,12/03/2022
1049,37,Santa Catalina,12/03/2022,12/03/2022
1050,37,Santa Visitacion (Maggayu),12/03/2022,12/03/2022
1051,37,Santo Niño,12/03/2022,12/03/2022
1052,37,Sinippil,12/03/2022,12/03/2022
1053,37,Sisim Abajo,12/03/2022,12/03/2022
1054,37,Sisim Alto,12/03/2022,12/03/2022
1055,37,Tunggui,12/03/2022,12/03/2022
1056,37,Ugad,12/03/2022,12/03/2022
