id,name,created_at,updated_at
1,ALICIA,12/03/2022,12/03/2022
2,ANGADANAN,12/03/2022,12/03/2022
3,AURORA,12/03/2022,12/03/2022
4,BENITO SOLIVEN,12/03/2022,12/03/2022
5,BURGUS,12/03/2022,12/03/2022
6,CABAGAN,12/03/2022,12/03/2022
7,CABATUAN,12/03/2022,12/03/2022
8,CITY OF CAUAYAN,12/03/2022,12/03/2022
9,CITY OF ILAGAN,12/03/2022,12/03/2022
10,CITY OF SANTIAGO,12/03/2022,12/03/2022
11,CORDON,12/03/2022,12/03/2022
12,DELFIN ALBANO,12/03/2022,12/03/2022
13,DINAPIGGUE,12/03/2022,12/03/2022
14,DIVILACAN,12/03/2022,12/03/2022
15,ECHAGUE,12/03/2022,12/03/2022
16,GAMU,12/03/2022,12/03/2022
17,JONES,12/03/2022,12/03/2022
18,LUNA,12/03/2022,12/03/2022
19,MACONACON,12/03/2022,12/03/2022
20,MAlLIG,12/03/2022,12/03/2022
21,NAGUILIAN,12/03/2022,12/03/2022
22,PALANAN,12/03/2022,12/03/2022
23,QUEZON,12/03/2022,12/03/2022
24,QUIRINO,12/03/2022,12/03/2022
25,RAMON,12/03/2022,12/03/2022
26,REINA MERCEDES,12/03/2022,12/03/2022
27,ROXAS,12/03/2022,12/03/2022
28,SAN AGUSTIN,12/03/2022,12/03/2022
29,SAN GUILLERMO,12/03/2022,12/03/2022
30,SAN ISIDRO,12/03/2022,12/03/2022
31,SAN MANUEL,12/03/2022,12/03/2022
32,SAN MARIANO,12/03/2022,12/03/2022
33,SAN MATEO,12/03/2022,12/03/2022
34,SAN PABLO,12/03/2022,12/03/2022
35,SANTA MARIA,12/03/2022,12/03/2022
36,SANTO TOMAS,12/03/2022,12/03/2022
37,TUMAUINI,12/03/2022,12/03/2022
